day,img,audio
01,day01.jpg,day01.mp3
02,day02.jpg,day02.mp3
03,day03.jpg,day03.mp3
04,day04.jpg,day04.mp3
05,day05.jpg,day05.mp3
06,day06.jpg,day06.mp3
07,day07.jpg,day07.mp3
08,day08.jpg,day08.mp3
09,day09.jpg,day09.mp3
10,day10.jpg,day10.mp3
11,day11.jpg,day11.mp3
12,day12.jpg,day12.mp3
13,day13.jpg,day13.mp3
14,day14.jpg,day14.mp3
15,day15.jpg,day15.mp3
16,day16.jpg,day16.mp3
17,day17.jpg,day17.mp3
18,day18.jpg,day18.mp3
19,day19.jpg,day19.mp3
20,day20.jpg,day20.mp3
21,day21.jpg,day21.mp3
22,day22.jpg,day22.mp3
23,day23.jpg,day23.mp3
24,day24.jpg,day24.mp3
